{
  "root": {
    "id": "root",
    "level": "root",
    "children": [
      {
        "id": "01",
        "level": "01",
        "name": "Concept Phase",
        "order": [
          {
            "startTime": "20150101000000",
            "endTime": "20150125000000",
            "level": "1"
          }
        ],
        "nwtForWeekends": [
			{
				"id": "nwtForWeekends"
			}
		],
		"nwt": [
			{
				"id": "nwtForAWeek"
			}
		],
        "children": [
          {
            "id": "0101",
            "level": "01",
            "name": "Detailed Project Planning",
            "order": [
              {
                "startTime": "20150101000000",
                "endTime": "20150123000000",
                "level": "2"
              }
            ]
          },
          {
            "id": "0102",
            "level": "01",
            "name": "Kick Off Concept Phase",
            "order": [
              {
                "startTime": "20150105000000",
                "endTime": "20150106000000",
                "level": "2"
              }
            ]
          },
          {
            "id": "0103",
            "level": "01",
            "name": "Create Engineering Change Number",
            "order": [
              {
                "startTime": "20150106000000",
                "endTime": "20150108000000",
                "level": "2"
              }
            ]
          },
          {
            "id": "0104",
            "level": "01",
            "name": "Define High Level Product Structure",
            "order": [
              {
                "startTime": "20150108000000",
                "endTime": "20150113000000",
                "level": "2"
              }
            ]
          },
          {
            "id": "0105",
            "level": "01",
            "name": "Develop Design Concept",
            "order": [
              {
                "startTime": "20150113000000",
                "endTime": "20150123000000",
                "level": "2"
              }
            ],
            "constraint": [{
            	"time" : "20150113000000",
            	"tooltip": "constraint",
            	"ratationAngle": 0
            },{
            	"time" : "20150123000000",
            	"tooltip": "constraint",
            	"ratationAngle": 180
            }],
            "children": [
              {
                "id": "010501",
                "level": "02",
                "name": "Frame",
                "order": [
                  {
                    "startTime": "20150113000000",
                    "endTime": "20150123000000",
                    "level": "2"
                  }
                ]
              },
              {
                "id": "010502",
                "level": "02",
                "name": "Chasis",
                "order": [
                  {
                    "startTime": "20150113000000",
                    "endTime": "20150123000000",
                    "level": "2"
                  }
                ]
              },
              {
                "id": "010503",
                "level": "02",
                "name": "Engine",
                "order": [
                  {
                    "startTime": "20150113000000",
                    "endTime": "20150123000000",
                    "level": "2"
                  }
                ]
              }
            ]
          },
          {
            "id": "0106",
            "level": "01",
            "name": "Create Business Plan",
            "constraint": [{
            	"time" : "20150116000000",
            	"tooltip": "constraint",
            	"ratationAngle": 180
            }],
            "order": [
              {
                "startTime": "20150106000000",
                "endTime": "20150116000000",
                "level": "2"
              }
            ]
          },
          {
            "id": "0107",
            "level": "01",
            "name": "Update Project Plan",
            "order": [
              {
                "startTime": "20150106000000",
                "endTime": "20150108000000",
                "level": "2"
              }
            ]
          },
          {
            "id": "0108",
            "level": "01",
            "name": "Release Concept",
            "order": [
              {
                "startTime": "20150124000000",
                "endTime": "20150124000000",
                "level": "2"
              }
            ]
          },
          {
            "id": "0109",
            "level": "01",
            "name": "Freeze Documents",
            "order": [
              {
                "startTime": "20150124000000",
                "endTime": "20150125000000",
                "level": "2"
              }
            ]
          },
          {
            "id": "0110",
            "level": "01",
            "name": "Adjust Project Staffing",
            "order": [
              {
                "startTime": "20150124000000",
                "endTime": "20150125000000",
                "level": "2"
              }
            ]
          },
           {
            "id": "0111",
            "level": "01",
            "name": "Go to Design",
            "milestone": [
              {
                "endTime": "20150125000000",
                "level": "2",
                "tooltip": "milestone"
              }
             ],
            "order": [
              {
                "endTime": "20150125000000",
                "level": "2"
              }
            ]
          }
        ]
      },
      {
        "id": "02",
        "level": "01",
        "name": "Design Phase",
        "order": [
          {
            "startTime": "2015012500000",
            "endTime": "20150311000000",
            "level": "1"
          }
        ],
        "nwtForWeekends": [
			{
				"id": "nwtForWeekends"
			}
		],
		"nwt": [
			{
				"id": "nwtForAWeek"
			}
		],
        "children": [
          {
            "id": "0201",
            "level": "01",
            "name": "Kick-off Design Phase",
            "order": [
              {
                "startTime": "20150125000000",
                "endTime": "20150126000000",
                "level": "2"
              }
            ]
          },
          {
            "id": "0202",
            "level": "01",
            "name": "Create Engineering Change Number",
            "order": [
              {
                "startTime": "20150126000000",
                "endTime": "20150128000000",
                "level": "2"
              }
            ]
          },
          {
            "id": "0203",
            "level": "01",
            "name": "Prepare Detailed Design",
            "order": [
              {
                "startTime": "20150128000000",
                "endTime": "20150207000000",
                "level": "2"
              }
            ]
          },
          {
            "id": "0204",
            "level": "01",
            "name": "Develop Detailed Design",
            "order": [
              {
                "startTime": "20150207000000",
                "endTime": "20150309000000",
                "level": "2"
              }
            ],
            "children": [
              {
                "id": "020401",
                "level": "02",
                "name": "Frame",
                "order": [
                  {
                    "startTime": "20150207000000",
                    "endTime": "20150309000000",
                    "level": "2"
                  }
                ]
              },
              {
                "id": "020402",
                "level": "02",
                "name": "Chasis",
                "order": [
                  {
                    "startTime": "20150207000000",
                    "endTime": "20150309000000",
                    "level": "2"
                  }
                ]
              },
              {
                "id": "020403",
                "level": "02",
                "name": "Engine",
                "order": [
                  {
                    "startTime": "20150207000000",
                    "endTime": "20150309000000",
                    "level": "2"
                  }
                ]
              }
            ]
          },
          {
            "id": "0205",
            "level": "01",
            "name": "Update Business Plan",
            "order": [
              {
                "startTime": "20150126000000",
                "endTime": "20150205000000",
                "level": "2"
              }
            ]
          },
          {
            "id": "0206",
            "level": "01",
            "name": "Create Sourcing Plan",
            "order": [
              {
                "startTime": "20150205000000",
                "endTime": "20150215000000",
                "level": "2"
              }
            ]
          },
          {
            "id": "0207",
            "level": "01",
            "name": "Update Project Plan",
            "order": [
              {
                "startTime": "20150126000000",
                "endTime": "20150129000000",
                "level": "2"
              }
            ]
          },
          {
            "id": "0208",
            "level": "01",
            "name": "Release Design",
            "order": [
              {
                "startTime": "20150309000000",
                "endTime": "20150310000000",
                "level": "2"
              }
            ]
          },
          {
            "id": "0209",
            "level": "01",
            "name": "Freeze Documents",
            "order": [
              {
                "startTime": "20150310000000",
                "endTime": "20150311000000",
                "level": "2"
              }
            ]
          },
          {
            "id": "0210",
            "level": "01",
            "name": "Adjust Project Staffing",
            "order": [
              {
                "startTime": "20150310000000",
                "endTime": "20150311000000",
                "level": "2"
              }
            ]
          }
        ]
      },
      {
        "id": "03",
        "level": "01",
        "name": "Validation Phase",
        "order": [
          {
            "startTime": "2015031100000",
            "endTime": "20150430000000",
            "level": "1"
          }
        ],
        "nwtForWeekends": [
			{
				"id": "nwtForWeekends"
			}
		],
		"nwt": [
			{
				"id": "nwtForAWeek"
			}
		],
        "children": [
          {
            "id": "0301",
            "level": "01",
            "name": "Kick-off Validation Phase",
            "order": [
              {
                "startTime": "20150311000000",
                "endTime": "20150312000000",
                "level": "2"
              }
            ]
          },
          {
            "id": "0302",
            "level": "01",
            "name": "Create Validation Models",
            "order": [
              {
                "startTime": "20150312000000",
                "endTime": "20150314000000",
                "level": "2"
              }
            ]
          },
          {
            "id": "0303",
            "level": "01",
            "name": "Digital Validation",
            "order": [
              {
                "startTime": "20150314000000",
                "endTime": "20150403000000",
                "level": "2"
              }
            ]
          },
          {
            "id": "0304",
            "level": "01",
            "name": "Physical Validation",
            "order": [
              {
                "startTime": "20150403000000",
                "endTime": "20150423000000",
                "level": "2"
              }
            ]
          },
          {
            "id": "0305",
            "level": "01",
            "name": "Review Validation Results",
            "order": [
              {
                "startTime": "20150423000000",
                "endTime": "20150428000000",
                "level": "2"
              }
            ]
          },
          {
            "id": "0306",
            "level": "01",
            "name": "Update Business Plan",
            "order": [
              {
                "startTime": "20150312000000",
                "endTime": "20150317000000",
                "level": "2"
              }
            ]
          },
          {
            "id": "0307",
            "level": "01",
            "name": "Update Sourcing Plan",
            "order": [
              {
                "startTime": "20150312000000",
                "endTime": "20150314000000",
                "level": "2"
              }
            ]
          },
          {
            "id": "0308",
            "level": "01",
            "name": "Update Project Plan",
            "order": [
              {
                "startTime": "20150312000000",
                "endTime": "20150314000000",
                "level": "2"
              }
            ]
          },
          {
            "id": "0309",
            "level": "01",
            "name": "Release Product",
            "order": [
              {
                "startTime": "20150428000000",
                "endTime": "20150429000000",
                "level": "2"
              }
            ]
          },
          {
            "id": "0310",
            "level": "01",
            "name": "Freeze Documents",
            "order": [
              {
                "startTime": "20150429000000",
                "endTime": "20150430000000",
                "level": "2"
              }
            ]
          },
          {
            "id": "0311",
            "level": "01",
            "name": "Adjust Project Staffing",
            "order": [
              {
                "startTime": "20150429000000",
                "endTime": "20150430000000",
                "level": "2"
              }
            ]
          }
        ]
      },
      {
        "id": "04",
        "level": "01",
        "name": "Production Preparation",
        "order": [
          {
            "startTime": "2015043000000",
            "endTime": "20150612000000",
            "level": "1"
          }
        ],
        "nwtForWeekends": [
			{
				"id": "nwtForWeekends"
			}
		],
        "nwt": [
			{
				"id": "nwtForAWeek"
			}
		],
        "children": [
          {
            "id": "0401",
            "level": "01",
            "name": "Kick-off Production Prep. Phase",
            "order": [
              {
                "startTime": "20150430000000",
                "endTime": "20150501000000",
                "level": "2"
              }
            ]
          },
          {
            "id": "0402",
            "level": "01",
            "name": "Design Routings",
            "order": [
              {
                "startTime": "20150501000000",
                "endTime": "20150521000000",
                "level": "2"
              }
            ]
          },
          {
            "id": "0403",
            "level": "01",
            "name": "Prepare Production Data",
            "order": [
              {
                "startTime": "20150521000000",
                "endTime": "20150531000000",
                "level": "2"
              }
            ]
          },
          {
            "id": "0404",
            "level": "01",
            "name": "Handover to Production",
            "order": [
              {
                "startTime": "20150531000000",
                "endTime": "20150610000000",
                "level": "2"
              }
            ]
          },
          {
            "id": "0405",
            "level": "01",
            "name": "Release Production",
            "order": [
              {
                "startTime": "20150610000000",
                "endTime": "20150611000000",
                "level": "2"
              }
            ]
          },
          {
            "id": "0406",
            "level": "01",
            "name": "Close Production",
            "order": [
              {
                "startTime": "20150611000000",
                "endTime": "20150612000000",
                "level": "2"
              }
            ]
          }
        ]
      }
    ],
    "relationship": [
      {
        "fromDataId": "0401",
        "fromObjectPath": "0401",
        "toDataId": "0402",
        "toObjectPath": "0402",
        "relation_type": 1,
        "fromShapeId": "order",
        "toShapeId": "order",
        "style": 0,
        "tooltip": "Finish-to-Start",
        "guid": "rel_0401_0402"
      },
      {
        "fromDataId": "0402",
        "fromObjectPath": "0402",
        "toDataId": "0403",
        "toObjectPath": "0403",
        "relation_type": 1,
        "fromShapeId": "order",
        "toShapeId": "order",
        "style": 0,
        "tooltip": "Finish-to-Start",
        "guid": "rel_0402_0403"
      },
      {
        "fromDataId": "0403",
        "fromObjectPath": "0403",
        "toDataId": "0404",
        "toObjectPath": "0404",
        "relation_type": 1,
        "fromShapeId": "order",
        "toShapeId": "order",
        "style": 0,
        "tooltip": "Finish-to-Start",
        "guid": "rel_0404_0404"
      },
      {
        "fromDataId": "0404",
        "fromObjectPath": "0404",
        "toDataId": "0405",
        "toObjectPath": "0405",
        "relation_type": 1,
        "fromShapeId": "order",
        "toShapeId": "order",
        "style": 0,
        "tooltip": "Finish-to-Start",
        "guid": "rel_0404_0405"
      },
      {
        "fromDataId": "0405",
        "fromObjectPath": "0405",
        "toDataId": "0406",
        "toObjectPath": "0406",
        "relation_type": 1,
        "fromShapeId": "order",
        "toShapeId": "order",
        "style": 0,
        "tooltip": "Finish-to-Start",
        "guid": "rel_0405_0406"
      },
      {
        "fromDataId": "0301",
        "fromObjectPath": "0301",
        "toDataId": "0302",
        "toObjectPath": "0302",
        "relation_type": 1,
        "fromShapeId": "order",
        "toShapeId": "order",
        "style": 0,
        "tooltip": "Finish-to-Start",
        "guid": "rel_0301_0302"
      },
      {
        "fromDataId": "0302",
        "fromObjectPath": "0302",
        "toDataId": "0303",
        "toObjectPath": "0303",
        "relation_type": 1,
        "fromShapeId": "order",
        "toShapeId": "order",
        "style": 0,
        "tooltip": "Finish-to-Start",
        "guid": "rel_0302_0303"
      },
      {
        "fromDataId": "0303",
        "fromObjectPath": "0303",
        "toDataId": "0304",
        "toObjectPath": "0304",
        "relation_type": 1,
        "fromShapeId": "order",
        "toShapeId": "order",
        "style": 0,
        "tooltip": "Finish-to-Start",
        "guid": "rel_0303_0304"
      },
      {
        "fromDataId": "0304",
        "fromObjectPath": "0304",
        "toDataId": "0305",
        "toObjectPath": "0305",
        "relation_type": 1,
        "fromShapeId": "order",
        "toShapeId": "order",
        "style": 0,
        "tooltip": "Finish-to-Start",
        "guid": "rel_0304_0305"
      },
      {
        "fromDataId": "0305",
        "fromObjectPath": "0305",
        "toDataId": "0309",
        "toObjectPath": "0309",
        "relation_type": 1,
        "fromShapeId": "order",
        "toShapeId": "order",
        "style": 0,
        "tooltip": "Finish-to-Start",
        "guid": "rel_0305_0309"
      },
      {
        "fromDataId": "0309",
        "fromObjectPath": "0309",
        "toDataId": "0310",
        "toObjectPath": "0310",
        "relation_type": 1,
        "fromShapeId": "order",
        "toShapeId": "order",
        "style": 0,
        "tooltip": "Finish-to-Start",
        "guid": "rel_0309_0310"
      },
      {
        "fromDataId": "0309",
        "fromObjectPath": "0309",
        "toDataId": "0311",
        "toObjectPath": "0311",
        "relation_type": 1,
        "fromShapeId": "order",
        "toShapeId": "order",
        "style": 0,
        "tooltip": "Finish-to-Start",
        "guid": "rel_0309_0311"
      },
      {
        "fromDataId": "0301",
        "fromObjectPath": "0301",
        "toDataId": "0306",
        "toObjectPath": "0306",
        "relation_type": 1,
        "fromShapeId": "order",
        "toShapeId": "order",
        "style": 0,
        "tooltip": "Finish-to-Start",
        "guid": "rel_0301_0306"
      },
      {
        "fromDataId": "0306",
        "fromObjectPath": "0306",
        "toDataId": "0307",
        "toObjectPath": "0307",
        "relation_type": 1,
        "fromShapeId": "order",
        "toShapeId": "order",
        "style": 0,
        "tooltip": "Finish-to-Start",
        "guid": "rel_0306_0307"
      },
      {
        "fromDataId": "0301",
        "fromObjectPath": "0301",
        "toDataId": "0308",
        "toObjectPath": "0308",
        "relation_type": 1,
        "fromShapeId": "order",
        "toShapeId": "order",
        "style": 0,
        "tooltip": "Finish-to-Start",
        "guid": "rel_0301_0308"
      },
      {
        "fromDataId": "0307",
        "fromObjectPath": "0307",
        "toDataId": "0309",
        "toObjectPath": "0309",
        "relation_type": 1,
        "fromShapeId": "order",
        "toShapeId": "order",
        "style": 0,
        "tooltip": "Finish-to-Start",
        "guid": "rel_0307_0309"
      },
      {
        "fromDataId": "0308",
        "fromObjectPath": "0308",
        "toDataId": "0309",
        "toObjectPath": "0309",
        "relation_type": 1,
        "fromShapeId": "order",
        "toShapeId": "order",
        "style": 0,
        "tooltip": "Finish-to-Start",
        "guid": "rel_0308_0309"
      },
      {
        "fromDataId": "0201",
        "fromObjectPath": "0201",
        "toDataId": "0202",
        "toObjectPath": "0202",
        "relation_type": 1,
        "fromShapeId": "order",
        "toShapeId": "order",
        "style": 0,
        "tooltip": "Finish-to-Start",
        "guid": "rel_0201_0202"
      },
      {
        "fromDataId": "0202",
        "fromObjectPath": "0202",
        "toDataId": "0203",
        "toObjectPath": "0203",
        "relation_type": 1,
        "fromShapeId": "order",
        "toShapeId": "order",
        "style": 0,
        "tooltip": "Finish-to-Start",
        "guid": "rel_0202_0203"
      },
      {
        "fromDataId": "0203",
        "fromObjectPath": "0203",
        "toDataId": "0204",
        "toObjectPath": "0204",
        "relation_type": 1,
        "fromShapeId": "order",
        "toShapeId": "order",
        "style": 0,
        "tooltip": "Finish-to-Start",
        "guid": "rel_0203_0204"
      },
      {
        "fromDataId": "0201",
        "fromObjectPath": "0201",
        "toDataId": "0205",
        "toObjectPath": "0205",
        "relation_type": 1,
        "fromShapeId": "order",
        "toShapeId": "order",
        "style": 0,
        "tooltip": "Finish-to-Start",
        "guid": "rel_0201_0205"
      },
      {
        "fromDataId": "0201",
        "fromObjectPath": "0201",
        "toDataId": "0207",
        "toObjectPath": "0207",
        "relation_type": 1,
        "fromShapeId": "order",
        "toShapeId": "order",
        "style": 0,
        "tooltip": "Finish-to-Start",
        "guid": "rel_0201_0207"
      },
      {
        "fromDataId": "0205",
        "fromObjectPath": "0205",
        "toDataId": "0206",
        "toObjectPath": "0206",
        "relation_type": 1,
        "fromShapeId": "order",
        "toShapeId": "order",
        "style": 0,
        "tooltip": "Finish-to-Start",
        "guid": "rel_0205_0206"
      },
      {
        "fromDataId": "0204",
        "fromObjectPath": "0204",
        "toDataId": "0208",
        "toObjectPath": "0208",
        "relation_type": 1,
        "fromShapeId": "order",
        "toShapeId": "order",
        "style": 0,
        "tooltip": "Finish-to-Start",
        "guid": "rel_0204_0208"
      },
      {
        "fromDataId": "0206",
        "fromObjectPath": "0206",
        "toDataId": "0208",
        "toObjectPath": "0208",
        "relation_type": 1,
        "fromShapeId": "order",
        "toShapeId": "order",
        "style": 0,
        "tooltip": "Finish-to-Start",
        "guid": "rel_0206_0208"
      },
      {
        "fromDataId": "0207",
        "fromObjectPath": "0207",
        "toDataId": "0208",
        "toObjectPath": "0208",
        "relation_type": 1,
        "fromShapeId": "order",
        "toShapeId": "order",
        "style": 0,
        "tooltip": "Finish-to-Start",
        "guid": "rel_0207_0208"
      },
      {
        "fromDataId": "0208",
        "fromObjectPath": "0208",
        "toDataId": "0209",
        "toObjectPath": "0209",
        "relation_type": 1,
        "fromShapeId": "order",
        "toShapeId": "order",
        "style": 0,
        "tooltip": "Finish-to-Start",
        "guid": "rel_0208_0209"
      },
      {
        "fromDataId": "0208",
        "fromObjectPath": "0208",
        "toDataId": "0210",
        "toObjectPath": "0210",
        "relation_type": 1,
        "fromShapeId": "order",
        "toShapeId": "order",
        "style": 0,
        "tooltip": "Finish-to-Start",
        "guid": "rel_0208_0210"
      },
      {
        "fromDataId": "0101",
        "fromObjectPath": "0101",
        "toDataId": "0102",
        "toObjectPath": "0102",
        "relation_type": 1,
        "fromShapeId": "order",
        "toShapeId": "order",
        "style": 0,
        "tooltip": "Finish-to-Start",
        "guid": "rel_0101_0102"
      },
      {
        "fromDataId": "0102",
        "fromObjectPath": "0102",
        "toDataId": "0103",
        "toObjectPath": "0103",
        "relation_type": 1,
        "fromShapeId": "order",
        "toShapeId": "order",
        "style": 0,
        "tooltip": "Finish-to-Start",
        "guid": "rel_0102_0103"
      },
      {
        "fromDataId": "0103",
        "fromObjectPath": "0103",
        "toDataId": "0104",
        "toObjectPath": "0104",
        "relation_type": 1,
        "fromShapeId": "order",
        "toShapeId": "order",
        "style": 0,
        "tooltip": "Finish-to-Start",
        "guid": "rel_0103_0104"
      },
      {
        "fromDataId": "0104",
        "fromObjectPath": "0104",
        "toDataId": "0105",
        "toObjectPath": "0105",
        "relation_type": 1,
        "fromShapeId": "order",
        "toShapeId": "order",
        "style": 0,
        "tooltip": "Finish-to-Start",
        "guid": "rel_0104_0105"
      },
      {
        "fromDataId": "0102",
        "fromObjectPath": "0102",
        "toDataId": "0106",
        "toObjectPath": "0106",
        "relation_type": 1,
        "fromShapeId": "order",
        "toShapeId": "order",
        "style": 0,
        "tooltip": "Finish-to-Start",
        "guid": "rel_0102_0106"
      },
      {
        "fromDataId": "0102",
        "fromObjectPath": "0102",
        "toDataId": "0107",
        "toObjectPath": "0107",
        "relation_type": 1,
        "fromShapeId": "order",
        "toShapeId": "order",
        "style": 0,
        "tooltip": "Finish-to-Start",
        "guid": "rel_0102_0107"
      },
      {
        "fromDataId": "0105",
        "fromObjectPath": "0105",
        "toDataId": "0108",
        "toObjectPath": "0108",
        "relation_type": 1,
        "fromShapeId": "order",
        "toShapeId": "order",
        "style": 0,
        "tooltip": "Finish-to-Start",
        "guid": "rel_0105_0108"
      },
      {
        "fromDataId": "0106",
        "fromObjectPath": "0106",
        "toDataId": "0108",
        "toObjectPath": "0108",
        "relation_type": 1,
        "fromShapeId": "order",
        "toShapeId": "order",
        "style": 0,
        "tooltip": "Finish-to-Start",
        "guid": "rel_0106_0108"
      },
      {
        "fromDataId": "0107",
        "fromObjectPath": "0107",
        "toDataId": "0108",
        "toObjectPath": "0108",
        "relation_type": 1,
        "fromShapeId": "order",
        "toShapeId": "order",
        "style": 0,
        "tooltip": "Finish-to-Start",
        "guid": "rel_0107_0108"
      },
      {
        "fromDataId": "0108",
        "fromObjectPath": "0108",
        "toDataId": "0109",
        "toObjectPath": "0109",
        "relation_type": 1,
        "fromShapeId": "order",
        "toShapeId": "order",
        "style": 0,
        "tooltip": "Finish-to-Start",
        "guid": "rel_0108_0109"
      },
      {
        "fromDataId": "0108",
        "fromObjectPath": "0108",
        "toDataId": "0110",
        "toObjectPath": "0110",
        "relation_type": 1,
        "fromShapeId": "order",
        "toShapeId": "order",
        "style": 0,
        "tooltip": "Finish-to-Start",
        "guid": "rel_0108_0110"
      }
    ],
    "calendar": [
		{
			"id": "nwtForAWeek",
			"data": [{
					"startTime": "20150501141533", 
					"endTime": "20150507141533"
				}
			]
		},{
			"id": "nwtForWeekends",
			"data": [
				{
					"startTime": "20150103141533", 
					"endTime": "20150104141533"
				},{
					"startTime": "20150110141533", 
					"endTime": "20150111141533"
				},{
					"startTime": "20150117141533", 
					"endTime": "20150118141533"
				},{
					"startTime": "20150124141533", 
					"endTime": "20150125141533"
				},{
					"startTime": "20150131141533", 
					"endTime": "20150201141533"
				},{
					"startTime": "20150207141533", 
					"endTime": "20150208141533"
				},{
					"startTime": "20150214141533", 
					"endTime": "20150215141533"
				},{
					"startTime": "20150221141533", 
					"endTime": "20150222141533"
				},{
					"startTime": "20150228141533", 
					"endTime": "20150301141533"
				},{
					"startTime": "20150307141533", 
					"endTime": "20150308141533"
				},{
					"startTime": "20150314141533", 
					"endTime": "20150315141533"
				},{
					"startTime": "20150321141533", 
					"endTime": "20150322141533"
				},{
					"startTime": "20150328141533", 
					"endTime": "20150329141533"
				},{
					"startTime": "20150404141533", 
					"endTime": "20150405141533"
				},{
					"startTime": "20150411141533", 
					"endTime": "20150412141533"
				},{
					"startTime": "20150418141533", 
					"endTime": "20150419141533"
				},{
					"startTime": "20150425141533", 
					"endTime": "20150426141533"
				},{
					"startTime": "20150509141533", 
					"endTime": "20150510141533"
				},{
					"startTime": "20150516141533", 
					"endTime": "20150517141533"
				},{
					"startTime": "20150523141533", 
					"endTime": "20150524141533"
				},{
					"startTime": "20150530141533", 
					"endTime": "20150531141533"
				},{
					"startTime": "20150606141533", 
					"endTime": "20150607141533"
				}
			]
		}
	]
  }
}