{
"items" : [
             {
                 "Year": "2012",
                 "Milk": "20",
                 "Sugar": "5",
                 "Tea": "5"
             },
             {
                 "Year": "2013",
                 "Milk": "30",
                 "Sugar": "10",
                 "Tea": "10"
             },
             {
                 "Year": "2014",
                 "Milk": "35",
                 "Sugar": "15",
                 "Tea": "15"
             },
             {
                 "Year": "2015",
                 "Milk": "60",
                 "Sugar": "20",
                 "Tea": "20"
             },
             {
                 "Year": "2016",
                 "Milk": "70",
                 "Sugar": "40",
                 "Tea": "40"
             }
        ]
        }