{
	"nodeSet":[{
		"text": "Node1",
		"ref": "sap-icon://attachment-audio",
		"nodes":
		[
			{
				"text": "Overview",
				"id":"Overview",
				"ref": "sap-icon://attachment-e-pub"
			},
			{
				"text": "Master",
				"id":"Master",
				"ref": "sap-icon://create"
			},{
				"text": "detail",
					"id":"detail",
				"ref": "sap-icon://create"
			},{
				"text": "InvoiceList",
				"id":"InvoiceList",
				"ref": "sap-icon://create"
			}
		]
	},{
		"text": "Node2",
		"ref": "sap-icon://attachment-audio",
		"nodes":[
				{
				"text": "ProductsList",
				"id":"ProductsList",
				"ref": "sap-icon://attachment-e-pub"
			},	{
				"text": "Notification",
				"id":"Notification",
				"ref": "sap-icon://attachment-e-pub"
			}]
		
	}]}